prompt_id,bloom,bloom_band,subject,subject_family,knowledge_state,learning_stage,learning_context
P0040,Create,EC,History,humanistic,misinformed,competency_development,collaborative
P0066,Remember,RU,Ethics,humanistic,novice,skill_building,collaborative
P0073,Analyze,AA,Literature,humanistic,misinformed,skill_building,collaborative
P0077,Understand,RU,History,humanistic,informed,competency_development,guided
P0090,Analyze,AA,Art History,humanistic,misinformed,skill_building,guided
P0091,Apply,AA,Art History,humanistic,misinformed,conceptual_orientation,guided
P0102,Evaluate,EC,History,humanistic,novice,competency_development,guided
P0108,Remember,RU,Sociology,applied,novice,conceptual_orientation,collaborative
P0112,Remember,RU,Psychology,natural,informed,skill_building,collaborative
P0123,Remember,RU,Ethics,humanistic,novice,competency_development,guided
P0127,Analyze,AA,Art History,humanistic,informed,comprehensive_mastery,guided
P0133,Remember,RU,Literature,humanistic,misinformed,skill_building,guided
P0135,Create,EC,Sociology,applied,misinformed,conceptual_orientation,guided
P0136,Create,EC,Sociology,applied,informed,competency_development,guided
P0165,Understand,RU,Literature,humanistic,misinformed,competency_development,guided
P0170,Apply,AA,Literature,humanistic,informed,competency_development,autonomous
P0171,Understand,RU,Psychology,natural,novice,competency_development,guided
P0173,Evaluate,EC,Sociology,applied,novice,skill_building,collaborative
P0180,Apply,AA,Sociology,applied,misinformed,conceptual_orientation,guided
P0188,Remember,RU,Biology,natural,informed,skill_building,guided
P0195,Analyze,AA,Psychology,natural,informed,conceptual_orientation,collaborative
P0205,Apply,AA,Biology,natural,informed,comprehensive_mastery,guided
P0218,Understand,RU,Biology,natural,misinformed,comprehensive_mastery,guided
P0224,Apply,AA,History,humanistic,novice,comprehensive_mastery,guided
P0226,Understand,RU,Literature,humanistic,novice,skill_building,collaborative
P0227,Apply,AA,Biology,natural,misinformed,skill_building,guided
P0228,Understand,RU,Mathematics,formal,informed,competency_development,guided
P0229,Remember,RU,Biology,natural,novice,skill_building,autonomous
P0230,Understand,RU,Biology,natural,misinformed,conceptual_orientation,collaborative
P0233,Evaluate,EC,Psychology,natural,novice,comprehensive_mastery,collaborative
P0235,Create,EC,Mathematics,formal,misinformed,skill_building,guided
P0239,Apply,AA,Mathematics,formal,novice,skill_building,collaborative
P0250,Understand,RU,History,humanistic,informed,conceptual_orientation,guided
P0280,Evaluate,EC,Psychology,natural,informed,conceptual_orientation,guided
P0282,Understand,RU,Biology,natural,novice,comprehensive_mastery,guided
P0292,Remember,RU,Sociology,applied,informed,competency_development,collaborative
P0297,Understand,RU,Biology,natural,novice,skill_building,guided
P0316,Apply,AA,Ethics,humanistic,novice,skill_building,guided
P0319,Understand,RU,Mathematics,formal,informed,comprehensive_mastery,guided
P0320,Apply,AA,Biology,natural,novice,competency_development,guided
P0322,Analyze,AA,Art History,humanistic,informed,competency_development,collaborative
P0326,Create,EC,Psychology,natural,informed,conceptual_orientation,collaborative
P0327,Understand,RU,Sociology,applied,misinformed,comprehensive_mastery,autonomous
P0329,Evaluate,EC,Computer Science,formal,informed,conceptual_orientation,collaborative
P0334,Evaluate,EC,Biology,natural,novice,conceptual_orientation,collaborative
P0337,Remember,RU,Physics,formal,informed,conceptual_orientation,guided
P0339,Analyze,AA,Physics,formal,informed,competency_development,collaborative
P0340,Analyze,AA,Computer Science,formal,misinformed,competency_development,autonomous
P0343,Remember,RU,Biology,natural,misinformed,comprehensive_mastery,guided
P0344,Remember,RU,History,humanistic,misinformed,comprehensive_mastery,collaborative
P0345,Apply,AA,Biology,natural,misinformed,conceptual_orientation,guided
P0347,Understand,RU,Art History,humanistic,informed,comprehensive_mastery,guided
P0348,Create,EC,Mathematics,formal,novice,comprehensive_mastery,guided
P0349,Create,EC,Mathematics,formal,novice,skill_building,guided
P0353,Understand,RU,Psychology,natural,informed,skill_building,guided
P0355,Understand,RU,Ethics,humanistic,novice,conceptual_orientation,guided
P0356,Understand,RU,Sociology,applied,informed,conceptual_orientation,collaborative
P0358,Analyze,AA,Mathematics,formal,novice,skill_building,guided
P0362,Understand,RU,History,humanistic,novice,competency_development,guided
P0364,Understand,RU,Ethics,humanistic,informed,conceptual_orientation,guided
P0365,Create,EC,Art History,humanistic,novice,competency_development,guided
P0367,Remember,RU,Literature,humanistic,informed,comprehensive_mastery,collaborative
P0374,Apply,AA,Literature,humanistic,informed,conceptual_orientation,guided
P0376,Analyze,AA,Physics,formal,misinformed,skill_building,collaborative
P0381,Analyze,AA,Ethics,humanistic,informed,conceptual_orientation,collaborative
P0382,Understand,RU,Physics,formal,novice,skill_building,collaborative
P0384,Evaluate,EC,History,humanistic,misinformed,competency_development,autonomous
P0386,Analyze,AA,Physics,formal,informed,conceptual_orientation,guided
P0387,Understand,RU,Psychology,natural,misinformed,competency_development,autonomous
P0391,Analyze,AA,Ethics,humanistic,novice,competency_development,guided
P0400,Remember,RU,Ethics,humanistic,informed,skill_building,guided
P0405,Understand,RU,Biology,natural,novice,competency_development,guided
P0406,Analyze,AA,Mathematics,formal,informed,competency_development,guided
P0408,Create,EC,Sociology,applied,misinformed,comprehensive_mastery,autonomous
P0409,Understand,RU,Literature,humanistic,misinformed,comprehensive_mastery,collaborative
P0412,Understand,RU,Sociology,applied,novice,skill_building,collaborative
P0419,Create,EC,Biology,natural,misinformed,competency_development,collaborative
P0420,Apply,AA,Literature,humanistic,misinformed,competency_development,guided
P0423,Remember,RU,Computer Science,formal,misinformed,comprehensive_mastery,guided
P0434,Analyze,AA,Ethics,humanistic,informed,comprehensive_mastery,collaborative
P0435,Apply,AA,History,humanistic,misinformed,skill_building,guided
P0437,Understand,RU,Literature,humanistic,informed,conceptual_orientation,guided
P0438,Understand,RU,Art History,humanistic,informed,conceptual_orientation,collaborative
P0439,Remember,RU,Physics,formal,informed,skill_building,guided
P0440,Evaluate,EC,Mathematics,formal,novice,skill_building,guided
P0445,Analyze,AA,Psychology,natural,novice,comprehensive_mastery,collaborative
P0446,Analyze,AA,Mathematics,formal,informed,comprehensive_mastery,collaborative
P0449,Analyze,AA,History,humanistic,informed,competency_development,guided
P0457,Remember,RU,Computer Science,formal,informed,conceptual_orientation,collaborative
P0464,Remember,RU,History,humanistic,misinformed,competency_development,collaborative
P0465,Create,EC,History,humanistic,novice,skill_building,collaborative
P0466,Remember,RU,Mathematics,formal,misinformed,comprehensive_mastery,collaborative
P0468,Understand,RU,Literature,humanistic,misinformed,skill_building,guided
P0471,Analyze,AA,Ethics,humanistic,informed,conceptual_orientation,guided
P0472,Evaluate,EC,Literature,humanistic,misinformed,conceptual_orientation,collaborative
P0475,Understand,RU,History,humanistic,misinformed,competency_development,guided
P0479,Evaluate,EC,Sociology,applied,informed,conceptual_orientation,collaborative
P0482,Evaluate,EC,History,humanistic,misinformed,competency_development,guided
P0483,Create,EC,Physics,formal,informed,competency_development,autonomous
P0486,Analyze,AA,Literature,humanistic,informed,competency_development,autonomous
P0492,Analyze,AA,Psychology,natural,informed,competency_development,collaborative
P0493,Apply,AA,Physics,formal,misinformed,competency_development,guided
P0495,Apply,AA,Biology,natural,informed,skill_building,autonomous
P0497,Create,EC,History,humanistic,misinformed,skill_building,guided
P0498,Analyze,AA,Computer Science,formal,informed,conceptual_orientation,collaborative
P0500,Evaluate,EC,Mathematics,formal,informed,skill_building,collaborative
P0504,Create,EC,Literature,humanistic,misinformed,comprehensive_mastery,guided
P0507,Remember,RU,Ethics,humanistic,novice,conceptual_orientation,collaborative
P0508,Analyze,AA,History,humanistic,novice,comprehensive_mastery,guided
P0513,Analyze,AA,Sociology,applied,informed,conceptual_orientation,guided
P0518,Understand,RU,Biology,natural,misinformed,comprehensive_mastery,collaborative
P0525,Understand,RU,Psychology,natural,misinformed,skill_building,guided
P0528,Analyze,AA,History,humanistic,misinformed,skill_building,collaborative
P0534,Evaluate,EC,Mathematics,formal,informed,competency_development,guided
P0536,Evaluate,EC,History,humanistic,misinformed,skill_building,guided
P0539,Evaluate,EC,Biology,natural,novice,conceptual_orientation,autonomous
P0542,Analyze,AA,Art History,humanistic,informed,skill_building,collaborative
P0543,Understand,RU,Sociology,applied,informed,skill_building,collaborative
P0545,Analyze,AA,Ethics,humanistic,misinformed,competency_development,guided
P0547,Analyze,AA,Biology,natural,novice,skill_building,guided
P0548,Analyze,AA,Sociology,applied,novice,conceptual_orientation,guided
P0554,Remember,RU,Biology,natural,informed,conceptual_orientation,guided
P0557,Apply,AA,Art History,humanistic,informed,conceptual_orientation,collaborative
P0562,Apply,AA,Psychology,natural,misinformed,conceptual_orientation,guided
P0570,Remember,RU,Physics,formal,novice,comprehensive_mastery,guided
P0573,Remember,RU,History,humanistic,misinformed,skill_building,collaborative
P0574,Evaluate,EC,Literature,humanistic,informed,conceptual_orientation,collaborative
P0575,Create,EC,Psychology,natural,informed,skill_building,collaborative
P0578,Analyze,AA,Literature,humanistic,novice,competency_development,collaborative
P0580,Analyze,AA,Mathematics,formal,novice,conceptual_orientation,guided
P0581,Evaluate,EC,Physics,formal,informed,comprehensive_mastery,guided
P0582,Analyze,AA,Sociology,applied,misinformed,conceptual_orientation,collaborative
P0583,Analyze,AA,Ethics,humanistic,novice,skill_building,collaborative
P0588,Remember,RU,Literature,humanistic,misinformed,skill_building,collaborative
P0589,Remember,RU,Art History,humanistic,informed,comprehensive_mastery,guided
P0593,Understand,RU,Physics,formal,misinformed,conceptual_orientation,collaborative
P0595,Apply,AA,Literature,humanistic,misinformed,skill_building,guided
P0599,Apply,AA,Mathematics,formal,novice,skill_building,guided
P0600,Evaluate,EC,Mathematics,formal,informed,comprehensive_mastery,guided
P0602,Create,EC,Ethics,humanistic,misinformed,comprehensive_mastery,collaborative
P0603,Remember,RU,Psychology,natural,misinformed,skill_building,guided
P0604,Evaluate,EC,Physics,formal,informed,conceptual_orientation,guided
P0606,Remember,RU,Ethics,humanistic,misinformed,comprehensive_mastery,guided
P0607,Create,EC,Literature,humanistic,misinformed,conceptual_orientation,collaborative
P0608,Understand,RU,Mathematics,formal,novice,comprehensive_mastery,autonomous
P0610,Create,EC,Sociology,applied,informed,comprehensive_mastery,collaborative
P0613,Evaluate,EC,Mathematics,formal,novice,skill_building,collaborative
P0618,Analyze,AA,Computer Science,formal,novice,comprehensive_mastery,guided
P0620,Apply,AA,Mathematics,formal,informed,competency_development,autonomous
P0622,Evaluate,EC,Physics,formal,informed,skill_building,guided
P0630,Apply,AA,Ethics,humanistic,novice,conceptual_orientation,guided
P0631,Evaluate,EC,Literature,humanistic,novice,competency_development,collaborative
P0633,Evaluate,EC,Mathematics,formal,misinformed,skill_building,collaborative
P0636,Create,EC,Sociology,applied,informed,conceptual_orientation,collaborative
P0637,Analyze,AA,Literature,humanistic,misinformed,skill_building,guided
P0638,Understand,RU,Sociology,applied,novice,conceptual_orientation,guided
P0641,Evaluate,EC,Ethics,humanistic,misinformed,skill_building,guided
P0643,Remember,RU,Biology,natural,misinformed,comprehensive_mastery,autonomous
P0646,Apply,AA,Sociology,applied,novice,conceptual_orientation,guided
P0648,Create,EC,Ethics,humanistic,novice,skill_building,guided
P0650,Apply,AA,Mathematics,formal,misinformed,skill_building,autonomous
P0651,Understand,RU,Biology,natural,informed,comprehensive_mastery,guided
P0652,Evaluate,EC,Art History,humanistic,misinformed,conceptual_orientation,guided
P0657,Evaluate,EC,Sociology,applied,informed,competency_development,guided
P0658,Analyze,AA,Sociology,applied,misinformed,comprehensive_mastery,guided
P0662,Remember,RU,Biology,natural,informed,conceptual_orientation,collaborative
P0663,Understand,RU,Ethics,humanistic,informed,skill_building,guided
P0666,Understand,RU,Literature,humanistic,novice,competency_development,guided
P0668,Analyze,AA,Biology,natural,misinformed,skill_building,collaborative
P0669,Understand,RU,Art History,humanistic,misinformed,skill_building,collaborative
P0672,Create,EC,Biology,natural,novice,competency_development,guided
P0673,Remember,RU,Mathematics,formal,informed,comprehensive_mastery,guided
P0674,Create,EC,Ethics,humanistic,misinformed,competency_development,collaborative
P0675,Apply,AA,Mathematics,formal,misinformed,competency_development,guided
P0679,Evaluate,EC,Sociology,applied,novice,competency_development,autonomous
P0681,Remember,RU,Psychology,natural,misinformed,comprehensive_mastery,collaborative
P0682,Remember,RU,Physics,formal,misinformed,skill_building,autonomous
P0684,Create,EC,Ethics,humanistic,misinformed,skill_building,guided
P0688,Apply,AA,History,humanistic,informed,skill_building,collaborative
P0692,Analyze,AA,Literature,humanistic,novice,conceptual_orientation,guided
P0695,Evaluate,EC,Ethics,humanistic,novice,conceptual_orientation,guided
P0697,Create,EC,Sociology,applied,novice,skill_building,guided
P0698,Remember,RU,Psychology,natural,informed,conceptual_orientation,collaborative
P0699,Apply,AA,Biology,natural,novice,comprehensive_mastery,guided
P0702,Understand,RU,Art History,humanistic,novice,conceptual_orientation,guided
P0712,Evaluate,EC,Biology,natural,misinformed,skill_building,guided
P0714,Understand,RU,Literature,humanistic,novice,skill_building,guided
P0717,Understand,RU,History,humanistic,novice,conceptual_orientation,collaborative
P0725,Understand,RU,Computer Science,formal,novice,conceptual_orientation,guided
P0726,Understand,RU,Psychology,natural,novice,comprehensive_mastery,guided
P0729,Create,EC,Literature,humanistic,informed,comprehensive_mastery,guided
P0730,Analyze,AA,History,humanistic,novice,conceptual_orientation,guided
P0737,Create,EC,Biology,natural,novice,conceptual_orientation,guided
P0748,Evaluate,EC,Art History,humanistic,informed,conceptual_orientation,guided
P0751,Evaluate,EC,Mathematics,formal,misinformed,competency_development,collaborative
P0753,Apply,AA,Physics,formal,novice,competency_development,guided
P0755,Analyze,AA,Biology,natural,misinformed,competency_development,collaborative
P0758,Apply,AA,Physics,formal,misinformed,skill_building,guided
P0759,Remember,RU,Art History,humanistic,misinformed,conceptual_orientation,guided
P0760,Understand,RU,Computer Science,formal,misinformed,comprehensive_mastery,guided
P0762,Understand,RU,Ethics,humanistic,informed,conceptual_orientation,collaborative
P0763,Evaluate,EC,History,humanistic,novice,comprehensive_mastery,guided
P0766,Understand,RU,Psychology,natural,novice,skill_building,autonomous
P0772,Understand,RU,Mathematics,formal,novice,competency_development,guided
P0777,Evaluate,EC,History,humanistic,misinformed,skill_building,collaborative
P0787,Analyze,AA,Computer Science,formal,misinformed,conceptual_orientation,autonomous
P0792,Understand,RU,Physics,formal,novice,comprehensive_mastery,autonomous
P0794,Apply,AA,Ethics,humanistic,misinformed,competency_development,guided
P0797,Analyze,AA,History,humanistic,misinformed,comprehensive_mastery,collaborative
P0799,Understand,RU,Literature,humanistic,misinformed,competency_development,autonomous
P0801,Create,EC,Sociology,applied,informed,skill_building,guided
P0803,Apply,AA,Biology,natural,misinformed,comprehensive_mastery,collaborative
P0804,Apply,AA,Literature,humanistic,informed,competency_development,guided
P0806,Understand,RU,Biology,natural,novice,skill_building,autonomous
P0807,Analyze,AA,Sociology,applied,novice,conceptual_orientation,collaborative
P0810,Remember,RU,Art History,humanistic,misinformed,comprehensive_mastery,guided
P0814,Evaluate,EC,Computer Science,formal,misinformed,comprehensive_mastery,guided
P0815,Analyze,AA,Computer Science,formal,novice,competency_development,guided
P0816,Understand,RU,Sociology,applied,novice,competency_development,guided
P0817,Analyze,AA,Biology,natural,informed,skill_building,guided
P0818,Remember,RU,Literature,humanistic,misinformed,conceptual_orientation,collaborative
P0819,Analyze,AA,Art History,humanistic,informed,skill_building,guided
P0824,Understand,RU,Psychology,natural,novice,conceptual_orientation,guided
P0828,Understand,RU,Computer Science,formal,novice,comprehensive_mastery,collaborative
P0831,Remember,RU,Art History,humanistic,informed,skill_building,collaborative
P0832,Analyze,AA,Ethics,humanistic,misinformed,skill_building,guided
P0833,Apply,AA,Biology,natural,informed,competency_development,guided
P0835,Create,EC,Sociology,applied,informed,conceptual_orientation,guided
P0837,Create,EC,Ethics,humanistic,misinformed,conceptual_orientation,collaborative
P0839,Evaluate,EC,Biology,natural,novice,skill_building,guided
P0841,Create,EC,Art History,humanistic,novice,skill_building,collaborative
P0843,Evaluate,EC,Biology,natural,informed,skill_building,collaborative
P0845,Evaluate,EC,Computer Science,formal,informed,skill_building,collaborative
P0848,Remember,RU,Physics,formal,misinformed,skill_building,guided
P0849,Apply,AA,Psychology,natural,informed,comprehensive_mastery,guided
P0850,Evaluate,EC,Mathematics,formal,informed,competency_development,autonomous
P0857,Evaluate,EC,Psychology,natural,misinformed,conceptual_orientation,collaborative
P0862,Create,EC,Physics,formal,informed,competency_development,collaborative
P0866,Analyze,AA,Biology,natural,novice,conceptual_orientation,collaborative
P0872,Evaluate,EC,Art History,humanistic,misinformed,comprehensive_mastery,autonomous
P0873,Create,EC,Art History,humanistic,misinformed,comprehensive_mastery,collaborative
P0875,Evaluate,EC,Psychology,natural,novice,conceptual_orientation,guided
P0877,Analyze,AA,Biology,natural,informed,comprehensive_mastery,guided
P0878,Remember,RU,Computer Science,formal,misinformed,competency_development,collaborative
P0881,Understand,RU,Sociology,applied,misinformed,skill_building,collaborative
P0882,Remember,RU,Physics,formal,informed,comprehensive_mastery,guided
P0883,Analyze,AA,Literature,humanistic,misinformed,conceptual_orientation,guided
P0884,Remember,RU,Sociology,applied,informed,competency_development,autonomous
P0888,Evaluate,EC,Mathematics,formal,novice,comprehensive_mastery,guided
P0890,Create,EC,Literature,humanistic,informed,skill_building,collaborative
P0893,Apply,AA,Mathematics,formal,novice,comprehensive_mastery,guided
P0896,Analyze,AA,Psychology,natural,misinformed,competency_development,guided
P0900,Understand,RU,Art History,humanistic,misinformed,comprehensive_mastery,guided
P0903,Analyze,AA,Biology,natural,novice,conceptual_orientation,guided
P0906,Remember,RU,Literature,humanistic,misinformed,competency_development,guided
P0907,Apply,AA,Ethics,humanistic,misinformed,competency_development,collaborative
P0908,Apply,AA,Art History,humanistic,novice,conceptual_orientation,guided
P0913,Understand,RU,History,humanistic,informed,competency_development,collaborative
P0917,Remember,RU,Physics,formal,misinformed,comprehensive_mastery,collaborative
P0918,Understand,RU,Literature,humanistic,novice,conceptual_orientation,collaborative
P0919,Apply,AA,Ethics,humanistic,novice,comprehensive_mastery,guided
P0920,Analyze,AA,Mathematics,formal,novice,comprehensive_mastery,guided
P0922,Evaluate,EC,Mathematics,formal,misinformed,comprehensive_mastery,collaborative
P0924,Apply,AA,Literature,humanistic,novice,skill_building,guided
P0928,Understand,RU,Art History,humanistic,informed,comprehensive_mastery,autonomous
P0934,Create,EC,Ethics,humanistic,novice,competency_development,collaborative
P0935,Apply,AA,Physics,formal,novice,skill_building,collaborative
P0939,Remember,RU,Literature,humanistic,informed,conceptual_orientation,collaborative
P0941,Analyze,AA,History,humanistic,misinformed,competency_development,collaborative
P0942,Remember,RU,Ethics,humanistic,misinformed,comprehensive_mastery,collaborative
P0943,Apply,AA,Ethics,humanistic,misinformed,comprehensive_mastery,guided
P0945,Understand,RU,Mathematics,formal,informed,conceptual_orientation,guided
P0948,Remember,RU,Computer Science,formal,informed,comprehensive_mastery,collaborative
P0952,Remember,RU,Ethics,humanistic,novice,conceptual_orientation,guided
P0955,Understand,RU,Psychology,natural,misinformed,comprehensive_mastery,autonomous
P0960,Analyze,AA,Computer Science,formal,misinformed,conceptual_orientation,collaborative
P0963,Evaluate,EC,Psychology,natural,novice,comprehensive_mastery,guided
P0964,Understand,RU,Mathematics,formal,misinformed,skill_building,guided
P0967,Analyze,AA,Psychology,natural,misinformed,conceptual_orientation,guided
P0973,Understand,RU,Computer Science,formal,informed,competency_development,collaborative
P0979,Understand,RU,Psychology,natural,novice,skill_building,collaborative
P0981,Apply,AA,History,humanistic,informed,conceptual_orientation,guided
P0982,Apply,AA,Psychology,natural,informed,competency_development,collaborative
P0984,Analyze,AA,Sociology,applied,informed,skill_building,collaborative
P0986,Evaluate,EC,Art History,humanistic,informed,conceptual_orientation,autonomous
P0989,Evaluate,EC,Ethics,humanistic,informed,comprehensive_mastery,collaborative
P0991,Evaluate,EC,Psychology,natural,informed,skill_building,collaborative
P0993,Apply,AA,History,humanistic,informed,skill_building,guided
P0994,Analyze,AA,Sociology,applied,informed,skill_building,autonomous
P0995,Analyze,AA,Computer Science,formal,informed,competency_development,guided
P0996,Understand,RU,Ethics,humanistic,misinformed,conceptual_orientation,guided
P0997,Remember,RU,Physics,formal,novice,competency_development,autonomous
P1001,Understand,RU,Ethics,humanistic,novice,competency_development,guided
P1005,Analyze,AA,Mathematics,formal,misinformed,comprehensive_mastery,guided
P1006,Understand,RU,Physics,formal,informed,conceptual_orientation,guided
P1013,Analyze,AA,Biology,natural,informed,competency_development,guided
P1016,Apply,AA,Mathematics,formal,informed,competency_development,guided
P1017,Analyze,AA,Sociology,applied,novice,comprehensive_mastery,guided
P1018,Understand,RU,History,humanistic,informed,comprehensive_mastery,guided
P1023,Remember,RU,Biology,natural,informed,competency_development,collaborative
P1024,Evaluate,EC,Art History,humanistic,novice,conceptual_orientation,guided
P1025,Understand,RU,Physics,formal,misinformed,skill_building,autonomous
P1036,Create,EC,Ethics,humanistic,informed,conceptual_orientation,guided
P1037,Apply,AA,History,humanistic,misinformed,competency_development,guided
P1039,Understand,RU,Art History,humanistic,informed,skill_building,guided
P1041,Analyze,AA,Computer Science,formal,informed,conceptual_orientation,guided
P1043,Evaluate,EC,Mathematics,formal,misinformed,skill_building,guided
P1046,Remember,RU,Sociology,applied,misinformed,comprehensive_mastery,guided
P1050,Evaluate,EC,History,humanistic,novice,competency_development,autonomous
P1051,Evaluate,EC,Psychology,natural,informed,competency_development,guided
P1052,Analyze,AA,Sociology,applied,misinformed,competency_development,guided
P1054,Understand,RU,History,humanistic,novice,conceptual_orientation,guided
P1056,Create,EC,History,humanistic,misinformed,skill_building,collaborative
P1059,Understand,RU,History,humanistic,informed,skill_building,guided
P1062,Evaluate,EC,Mathematics,formal,novice,conceptual_orientation,guided
P1063,Remember,RU,Psychology,natural,novice,comprehensive_mastery,guided
P1067,Analyze,AA,Ethics,humanistic,informed,skill_building,guided
P1074,Evaluate,EC,Physics,formal,novice,skill_building,collaborative
P1075,Analyze,AA,Literature,humanistic,informed,comprehensive_mastery,guided
P1076,Remember,RU,Biology,natural,informed,competency_development,guided
P1079,Evaluate,EC,History,humanistic,informed,skill_building,collaborative
P1086,Evaluate,EC,Computer Science,formal,novice,competency_development,collaborative
P1088,Understand,RU,Sociology,applied,misinformed,competency_development,guided
P1089,Understand,RU,Sociology,applied,misinformed,conceptual_orientation,guided
P1091,Remember,RU,Sociology,applied,misinformed,competency_development,guided
P1092,Remember,RU,Sociology,applied,misinformed,skill_building,guided
P1094,Create,EC,Computer Science,formal,novice,comprehensive_mastery,guided
P1099,Understand,RU,Art History,humanistic,misinformed,competency_development,collaborative
P1102,Evaluate,EC,Ethics,humanistic,informed,competency_development,guided
P1105,Analyze,AA,Sociology,applied,novice,competency_development,guided
P1106,Evaluate,EC,Psychology,natural,misinformed,conceptual_orientation,guided
P1107,Analyze,AA,Literature,humanistic,misinformed,competency_development,collaborative
P1108,Remember,RU,Ethics,humanistic,misinformed,conceptual_orientation,guided
P1109,Apply,AA,Ethics,humanistic,informed,comprehensive_mastery,collaborative
P1111,Evaluate,EC,Physics,formal,informed,comprehensive_mastery,collaborative
P1114,Evaluate,EC,Physics,formal,informed,conceptual_orientation,autonomous
P1117,Remember,RU,Physics,formal,novice,competency_development,guided
P1120,Evaluate,EC,History,humanistic,novice,skill_building,guided
P1127,Create,EC,Literature,humanistic,novice,conceptual_orientation,guided
P1132,Analyze,AA,Literature,humanistic,misinformed,comprehensive_mastery,guided
P1133,Apply,AA,Physics,formal,misinformed,conceptual_orientation,guided
P1137,Evaluate,EC,Computer Science,formal,novice,comprehensive_mastery,collaborative
P1138,Analyze,AA,Computer Science,formal,misinformed,comprehensive_mastery,guided
P1142,Understand,RU,Computer Science,formal,novice,conceptual_orientation,autonomous
P1145,Evaluate,EC,Biology,natural,misinformed,comprehensive_mastery,collaborative
P1147,Apply,AA,Sociology,applied,informed,skill_building,collaborative
P1148,Create,EC,Sociology,applied,informed,comprehensive_mastery,guided
P1150,Evaluate,EC,Art History,humanistic,novice,comprehensive_mastery,collaborative
P1155,Remember,RU,Psychology,natural,novice,competency_development,guided
P1157,Apply,AA,Psychology,natural,misinformed,comprehensive_mastery,guided
P1158,Remember,RU,Mathematics,formal,misinformed,comprehensive_mastery,autonomous
P1163,Remember,RU,Psychology,natural,informed,conceptual_orientation,autonomous
P1168,Analyze,AA,Psychology,natural,novice,comprehensive_mastery,guided
P1169,Apply,AA,Literature,humanistic,misinformed,comprehensive_mastery,guided
P1170,Remember,RU,History,humanistic,novice,conceptual_orientation,autonomous
P1171,Understand,RU,Ethics,humanistic,misinformed,conceptual_orientation,autonomous
P1173,Understand,RU,Computer Science,formal,informed,comprehensive_mastery,collaborative
P1175,Remember,RU,Sociology,applied,informed,skill_building,guided
P1176,Apply,AA,Biology,natural,novice,skill_building,collaborative
P1178,Analyze,AA,Computer Science,formal,misinformed,comprehensive_mastery,collaborative
P1179,Evaluate,EC,Literature,humanistic,misinformed,comprehensive_mastery,collaborative
P1180,Understand,RU,Biology,natural,informed,competency_development,autonomous
P1181,Evaluate,EC,Ethics,humanistic,informed,conceptual_orientation,guided
P1184,Understand,RU,History,humanistic,misinformed,skill_building,collaborative
P1186,Understand,RU,Ethics,humanistic,novice,conceptual_orientation,collaborative
P1187,Understand,RU,Literature,humanistic,novice,comprehensive_mastery,guided
P1189,Apply,AA,Biology,natural,novice,conceptual_orientation,collaborative
P1190,Apply,AA,Ethics,humanistic,novice,conceptual_orientation,collaborative
P1192,Remember,RU,Ethics,humanistic,misinformed,competency_development,guided
P1193,Create,EC,Literature,humanistic,misinformed,competency_development,collaborative
P1194,Apply,AA,Ethics,humanistic,informed,conceptual_orientation,collaborative
P1195,Remember,RU,Computer Science,formal,misinformed,conceptual_orientation,guided
P1196,Understand,RU,History,humanistic,novice,comprehensive_mastery,guided
P1198,Apply,AA,Biology,natural,informed,skill_building,collaborative
P1201,Understand,RU,Biology,natural,misinformed,competency_development,guided
P1202,Create,EC,History,humanistic,informed,conceptual_orientation,collaborative
P1203,Apply,AA,Sociology,applied,informed,competency_development,guided
P1204,Remember,RU,History,humanistic,misinformed,skill_building,guided
P1207,Understand,RU,Computer Science,formal,novice,skill_building,guided
P1210,Analyze,AA,Sociology,applied,informed,conceptual_orientation,collaborative
P1211,Create,EC,Physics,formal,informed,conceptual_orientation,collaborative
P1213,Remember,RU,Art History,humanistic,novice,skill_building,guided
P1214,Understand,RU,Psychology,natural,novice,competency_development,collaborative
P1216,Analyze,AA,Ethics,humanistic,misinformed,conceptual_orientation,collaborative
P1218,Understand,RU,Psychology,natural,novice,comprehensive_mastery,collaborative
P1220,Remember,RU,Literature,humanistic,misinformed,comprehensive_mastery,collaborative
P1221,Apply,AA,Physics,formal,informed,competency_development,guided
P1233,Understand,RU,Literature,humanistic,informed,comprehensive_mastery,collaborative
P1235,Understand,RU,Literature,humanistic,misinformed,comprehensive_mastery,guided
P1242,Understand,RU,Art History,humanistic,informed,conceptual_orientation,guided
P1243,Create,EC,Literature,humanistic,misinformed,conceptual_orientation,guided
P1249,Analyze,AA,Physics,formal,informed,competency_development,guided
P1251,Evaluate,EC,Art History,humanistic,misinformed,competency_development,guided
P1252,Create,EC,Sociology,applied,misinformed,competency_development,collaborative
P1258,Apply,AA,Art History,humanistic,novice,competency_development,collaborative
P1259,Understand,RU,History,humanistic,informed,skill_building,autonomous
P1261,Evaluate,EC,History,humanistic,informed,conceptual_orientation,guided
P1262,Analyze,AA,Physics,formal,novice,competency_development,guided
P1263,Remember,RU,Psychology,natural,informed,conceptual_orientation,guided
P1266,Evaluate,EC,Biology,natural,novice,conceptual_orientation,guided
P1268,Understand,RU,Computer Science,formal,misinformed,conceptual_orientation,autonomous
P1269,Evaluate,EC,History,humanistic,misinformed,comprehensive_mastery,guided
P1275,Apply,AA,Computer Science,formal,informed,competency_development,collaborative
P1277,Apply,AA,Literature,humanistic,misinformed,conceptual_orientation,guided
P1282,Understand,RU,Mathematics,formal,informed,skill_building,guided
P1284,Remember,RU,Computer Science,formal,informed,conceptual_orientation,guided
P1286,Evaluate,EC,Sociology,applied,misinformed,skill_building,collaborative
P1292,Evaluate,EC,Literature,humanistic,novice,skill_building,guided
P1298,Analyze,AA,Literature,humanistic,novice,skill_building,guided
P1301,Remember,RU,Physics,formal,informed,conceptual_orientation,autonomous
P1302,Apply,AA,Biology,natural,misinformed,competency_development,guided
P1303,Create,EC,Biology,natural,informed,skill_building,guided
P1304,Evaluate,EC,Ethics,humanistic,informed,competency_development,collaborative
P1308,Remember,RU,Literature,humanistic,novice,conceptual_orientation,collaborative
P1310,Analyze,AA,Sociology,applied,informed,skill_building,guided
P1311,Apply,AA,Art History,humanistic,misinformed,conceptual_orientation,collaborative
P1314,Understand,RU,Art History,humanistic,informed,skill_building,autonomous
P1315,Remember,RU,Ethics,humanistic,informed,competency_development,autonomous
P1316,Apply,AA,Psychology,natural,informed,conceptual_orientation,collaborative
P1317,Remember,RU,Psychology,natural,novice,conceptual_orientation,collaborative
P1318,Create,EC,Ethics,humanistic,informed,comprehensive_mastery,collaborative
P1321,Analyze,AA,Art History,humanistic,misinformed,comprehensive_mastery,guided
P1322,Create,EC,Physics,formal,informed,conceptual_orientation,guided
P1327,Create,EC,Psychology,natural,misinformed,comprehensive_mastery,collaborative
P1328,Remember,RU,Physics,formal,misinformed,conceptual_orientation,guided
P1330,Understand,RU,Physics,formal,novice,comprehensive_mastery,guided
P1332,Create,EC,Sociology,applied,misinformed,competency_development,guided
P1333,Apply,AA,Psychology,natural,novice,comprehensive_mastery,guided
P1335,Create,EC,Ethics,humanistic,novice,competency_development,guided
P1337,Analyze,AA,Mathematics,formal,misinformed,skill_building,guided
P1339,Analyze,AA,Ethics,humanistic,misinformed,comprehensive_mastery,guided
P1340,Understand,RU,Computer Science,formal,novice,skill_building,collaborative
P1341,Create,EC,Literature,humanistic,misinformed,skill_building,guided
P1342,Understand,RU,Biology,natural,informed,skill_building,guided
P1343,Understand,RU,Physics,formal,misinformed,conceptual_orientation,guided
P1346,Analyze,AA,Sociology,applied,informed,comprehensive_mastery,guided
P1349,Analyze,AA,Psychology,natural,informed,skill_building,guided
P1350,Understand,RU,Art History,humanistic,informed,conceptual_orientation,autonomous
P1351,Create,EC,Mathematics,formal,novice,comprehensive_mastery,autonomous
P1353,Analyze,AA,Literature,humanistic,misinformed,conceptual_orientation,autonomous
P1354,Understand,RU,Sociology,applied,misinformed,skill_building,guided
P1355,Understand,RU,Biology,natural,informed,comprehensive_mastery,autonomous
P1361,Create,EC,Psychology,natural,novice,skill_building,autonomous
P1365,Understand,RU,Ethics,humanistic,informed,competency_development,guided
P1369,Evaluate,EC,Mathematics,formal,informed,conceptual_orientation,autonomous
P1370,Understand,RU,Physics,formal,novice,skill_building,autonomous
P1373,Understand,RU,Art History,humanistic,informed,competency_development,autonomous
P1374,Remember,RU,Psychology,natural,novice,competency_development,autonomous
P1376,Understand,RU,Physics,formal,informed,conceptual_orientation,collaborative
P1380,Evaluate,EC,Mathematics,formal,misinformed,competency_development,guided
P1383,Evaluate,EC,Biology,natural,informed,competency_development,collaborative
P1384,Remember,RU,Psychology,natural,informed,competency_development,collaborative
P1385,Remember,RU,Psychology,natural,novice,comprehensive_mastery,collaborative
P1386,Analyze,AA,Mathematics,formal,misinformed,conceptual_orientation,guided
P1387,Evaluate,EC,Sociology,applied,misinformed,competency_development,guided
P1389,Apply,AA,Biology,natural,misinformed,competency_development,collaborative
P1392,Create,EC,History,humanistic,novice,competency_development,collaborative
P1393,Evaluate,EC,Physics,formal,misinformed,conceptual_orientation,autonomous
P1394,Understand,RU,History,humanistic,novice,skill_building,guided
P1396,Evaluate,EC,Psychology,natural,novice,competency_development,guided
P1397,Create,EC,History,humanistic,novice,comprehensive_mastery,autonomous
P1398,Understand,RU,Ethics,humanistic,misinformed,skill_building,guided
P1399,Remember,RU,Computer Science,formal,novice,competency_development,guided
P1400,Analyze,AA,Mathematics,formal,novice,competency_development,guided
P1401,Apply,AA,Art History,humanistic,misinformed,competency_development,autonomous
P1402,Apply,AA,Ethics,humanistic,misinformed,comprehensive_mastery,autonomous
P1405,Remember,RU,Art History,humanistic,novice,skill_building,collaborative
P1408,Apply,AA,Psychology,natural,novice,skill_building,collaborative
P1410,Remember,RU,Sociology,applied,informed,conceptual_orientation,collaborative
P1411,Remember,RU,Sociology,applied,informed,conceptual_orientation,guided
P1413,Apply,AA,Art History,humanistic,novice,comprehensive_mastery,guided
P1418,Apply,AA,Literature,humanistic,misinformed,conceptual_orientation,autonomous
P1419,Create,EC,Mathematics,formal,informed,skill_building,guided
P1420,Remember,RU,Psychology,natural,informed,comprehensive_mastery,collaborative
P1422,Analyze,AA,Art History,humanistic,informed,conceptual_orientation,guided
P1423,Evaluate,EC,Ethics,humanistic,misinformed,skill_building,collaborative
P1424,Evaluate,EC,Psychology,natural,misinformed,skill_building,guided
P1425,Understand,RU,Psychology,natural,misinformed,comprehensive_mastery,guided
P1433,Understand,RU,Physics,formal,informed,skill_building,guided
P1437,Apply,AA,History,humanistic,informed,conceptual_orientation,autonomous
P1438,Analyze,AA,Literature,humanistic,misinformed,comprehensive_mastery,collaborative
P1439,Remember,RU,Ethics,humanistic,informed,comprehensive_mastery,guided
P1440,Understand,RU,History,humanistic,misinformed,conceptual_orientation,guided
P1441,Analyze,AA,History,humanistic,misinformed,conceptual_orientation,autonomous
P1442,Understand,RU,Computer Science,formal,informed,conceptual_orientation,guided
P1443,Understand,RU,Literature,humanistic,informed,comprehensive_mastery,guided
P1446,Understand,RU,Literature,humanistic,misinformed,competency_development,collaborative
P1448,Apply,AA,Art History,humanistic,informed,comprehensive_mastery,guided
P1449,Apply,AA,Literature,humanistic,informed,conceptual_orientation,collaborative
P1450,Remember,RU,Physics,formal,informed,conceptual_orientation,collaborative
P1451,Evaluate,EC,Psychology,natural,misinformed,comprehensive_mastery,collaborative
P1452,Apply,AA,History,humanistic,novice,skill_building,collaborative
P1458,Create,EC,Mathematics,formal,novice,competency_development,collaborative
P1460,Create,EC,History,humanistic,informed,comprehensive_mastery,autonomous
P1461,Analyze,AA,Computer Science,formal,novice,conceptual_orientation,guided
P1462,Apply,AA,Physics,formal,informed,skill_building,guided
P1468,Remember,RU,Biology,natural,novice,competency_development,collaborative
P1471,Create,EC,Art History,humanistic,novice,conceptual_orientation,guided
P1472,Apply,AA,Psychology,natural,novice,conceptual_orientation,collaborative
P1476,Evaluate,EC,Psychology,natural,misinformed,competency_development,guided
P1478,Analyze,AA,Literature,humanistic,informed,skill_building,guided
P1482,Evaluate,EC,Sociology,applied,informed,comprehensive_mastery,collaborative
P1484,Analyze,AA,Literature,humanistic,informed,conceptual_orientation,guided
P1486,Create,EC,Mathematics,formal,misinformed,competency_development,guided
P1487,Apply,AA,Physics,formal,informed,conceptual_orientation,autonomous
P1488,Analyze,AA,Art History,humanistic,informed,conceptual_orientation,autonomous
P1492,Evaluate,EC,Literature,humanistic,misinformed,competency_development,guided
P1494,Analyze,AA,Sociology,applied,misinformed,conceptual_orientation,guided
P1495,Analyze,AA,Sociology,applied,misinformed,skill_building,collaborative
P1497,Understand,RU,Mathematics,formal,novice,skill_building,guided
P1498,Apply,AA,Physics,formal,novice,skill_building,guided
P1499,Apply,AA,Ethics,humanistic,novice,competency_development,collaborative
P1505,Create,EC,Ethics,humanistic,misinformed,competency_development,guided
P1506,Understand,RU,Physics,formal,misinformed,skill_building,guided
P1511,Remember,RU,Literature,humanistic,misinformed,conceptual_orientation,guided
P1513,Remember,RU,History,humanistic,misinformed,competency_development,guided
P1514,Create,EC,Literature,humanistic,informed,skill_building,guided
P1515,Create,EC,Mathematics,formal,misinformed,skill_building,collaborative
P1517,Analyze,AA,Psychology,natural,informed,comprehensive_mastery,guided
P1521,Evaluate,EC,Mathematics,formal,informed,conceptual_orientation,collaborative
P1524,Remember,RU,Ethics,humanistic,novice,competency_development,collaborative
P1525,Apply,AA,Literature,humanistic,misinformed,skill_building,collaborative
P1531,Apply,AA,Biology,natural,misinformed,skill_building,autonomous
P1533,Evaluate,EC,Computer Science,formal,misinformed,comprehensive_mastery,autonomous
P1536,Apply,AA,Sociology,applied,informed,conceptual_orientation,autonomous
P1537,Apply,AA,Psychology,natural,informed,skill_building,collaborative
P1542,Create,EC,Mathematics,formal,novice,competency_development,guided
P1544,Understand,RU,Physics,formal,misinformed,competency_development,collaborative
P1545,Remember,RU,Sociology,applied,misinformed,competency_development,collaborative
P1546,Remember,RU,Sociology,applied,novice,comprehensive_mastery,collaborative
P1547,Analyze,AA,Physics,formal,informed,comprehensive_mastery,guided
P1549,Analyze,AA,Physics,formal,novice,skill_building,guided
P1553,Evaluate,EC,Physics,formal,misinformed,skill_building,guided
P1556,Analyze,AA,Biology,natural,novice,skill_building,collaborative
P1558,Apply,AA,Art History,humanistic,novice,comprehensive_mastery,collaborative
P1561,Create,EC,Mathematics,formal,informed,conceptual_orientation,guided
P1563,Understand,RU,Psychology,natural,novice,comprehensive_mastery,autonomous
P1564,Evaluate,EC,Biology,natural,informed,comprehensive_mastery,guided
P1566,Remember,RU,Psychology,natural,informed,competency_development,guided
P1568,Remember,RU,History,humanistic,informed,skill_building,guided
P1569,Understand,RU,Physics,formal,informed,competency_development,guided
P1571,Apply,AA,History,humanistic,misinformed,conceptual_orientation,collaborative
P1572,Apply,AA,Computer Science,formal,novice,competency_development,collaborative
P1576,Apply,AA,Art History,humanistic,informed,competency_development,guided
P1577,Understand,RU,Sociology,applied,misinformed,comprehensive_mastery,collaborative
P1580,Remember,RU,Ethics,humanistic,informed,conceptual_orientation,collaborative
P1583,Remember,RU,Biology,natural,novice,competency_development,guided
P1584,Remember,RU,Biology,natural,novice,skill_building,guided
P1586,Create,EC,Sociology,applied,informed,competency_development,autonomous
P1587,Evaluate,EC,Computer Science,formal,misinformed,conceptual_orientation,collaborative
P1588,Create,EC,Mathematics,formal,informed,competency_development,guided
P1589,Evaluate,EC,Physics,formal,informed,comprehensive_mastery,autonomous
P1592,Remember,RU,Art History,humanistic,novice,conceptual_orientation,guided
P1594,Understand,RU,Literature,humanistic,novice,conceptual_orientation,guided
P1598,Evaluate,EC,Art History,humanistic,misinformed,conceptual_orientation,autonomous
P1600,Understand,RU,Ethics,humanistic,misinformed,competency_development,guided
P1602,Remember,RU,Physics,formal,misinformed,comprehensive_mastery,guided
P1603,Analyze,AA,Biology,natural,misinformed,conceptual_orientation,guided
P1607,Evaluate,EC,Psychology,natural,novice,skill_building,collaborative
P1608,Understand,RU,Biology,natural,novice,conceptual_orientation,collaborative
P1613,Create,EC,Psychology,natural,misinformed,comprehensive_mastery,guided
P1614,Analyze,AA,Literature,humanistic,novice,comprehensive_mastery,guided
P1615,Create,EC,Literature,humanistic,misinformed,competency_development,guided
P1616,Apply,AA,Psychology,natural,novice,competency_development,collaborative
P1618,Analyze,AA,Psychology,natural,informed,conceptual_orientation,guided
P1622,Understand,RU,History,humanistic,novice,conceptual_orientation,autonomous
P1623,Analyze,AA,Mathematics,formal,informed,conceptual_orientation,collaborative
P1624,Apply,AA,Psychology,natural,misinformed,competency_development,collaborative
P1627,Create,EC,Literature,humanistic,informed,conceptual_orientation,guided
P1629,Evaluate,EC,Computer Science,formal,novice,skill_building,autonomous
P1633,Apply,AA,Art History,humanistic,informed,conceptual_orientation,guided
P1634,Create,EC,Sociology,applied,novice,competency_development,guided
P1636,Analyze,AA,Computer Science,formal,informed,skill_building,guided
P1640,Evaluate,EC,History,humanistic,misinformed,conceptual_orientation,collaborative
P1647,Analyze,AA,Ethics,humanistic,informed,competency_development,guided
P1648,Evaluate,EC,Computer Science,formal,novice,competency_development,guided
P1649,Remember,RU,History,humanistic,informed,competency_development,collaborative
P1650,Remember,RU,Psychology,natural,misinformed,comprehensive_mastery,guided
P1651,Remember,RU,Computer Science,formal,novice,skill_building,collaborative
P1652,Apply,AA,Physics,formal,novice,comprehensive_mastery,collaborative
P1653,Evaluate,EC,Literature,humanistic,misinformed,conceptual_orientation,guided
P1655,Analyze,AA,Psychology,natural,novice,competency_development,collaborative
P1657,Create,EC,Psychology,natural,informed,competency_development,guided
P1658,Create,EC,History,humanistic,informed,skill_building,guided
P1659,Analyze,AA,Psychology,natural,informed,competency_development,guided
P1660,Create,EC,Literature,humanistic,novice,competency_development,guided
P1661,Apply,AA,History,humanistic,novice,skill_building,autonomous
P1663,Remember,RU,Ethics,humanistic,misinformed,skill_building,collaborative
P1671,Remember,RU,Literature,humanistic,misinformed,skill_building,autonomous
P1672,Evaluate,EC,Literature,humanistic,novice,comprehensive_mastery,guided
P1673,Create,EC,Art History,humanistic,misinformed,conceptual_orientation,guided
P1674,Analyze,AA,Ethics,humanistic,novice,conceptual_orientation,guided
P1675,Apply,AA,Psychology,natural,novice,competency_development,guided
P1679,Evaluate,EC,Literature,humanistic,informed,conceptual_orientation,guided
P1680,Evaluate,EC,History,humanistic,novice,conceptual_orientation,guided
P1681,Analyze,AA,Physics,formal,novice,skill_building,autonomous
P1682,Create,EC,Literature,humanistic,novice,conceptual_orientation,collaborative
P1685,Remember,RU,Psychology,natural,novice,competency_development,collaborative
P1686,Create,EC,Ethics,humanistic,informed,competency_development,guided
P1689,Analyze,AA,Ethics,humanistic,informed,competency_development,collaborative
P1691,Analyze,AA,Physics,formal,informed,competency_development,autonomous
P1695,Evaluate,EC,Literature,humanistic,novice,conceptual_orientation,collaborative
P1697,Analyze,AA,Biology,natural,novice,competency_development,guided
P1699,Create,EC,Biology,natural,informed,competency_development,guided
P1700,Evaluate,EC,Sociology,applied,misinformed,skill_building,autonomous
P1701,Create,EC,Psychology,natural,informed,skill_building,autonomous
P1704,Create,EC,Art History,humanistic,misinformed,conceptual_orientation,collaborative
P1706,Analyze,AA,Literature,humanistic,novice,conceptual_orientation,collaborative
P1708,Evaluate,EC,Sociology,applied,novice,conceptual_orientation,collaborative
P1710,Evaluate,EC,Art History,humanistic,novice,comprehensive_mastery,guided
P1711,Understand,RU,Computer Science,formal,misinformed,competency_development,collaborative
P1712,Apply,AA,Art History,humanistic,novice,conceptual_orientation,collaborative
P1713,Understand,RU,Psychology,natural,novice,skill_building,guided
P1714,Remember,RU,History,humanistic,novice,conceptual_orientation,guided
P1715,Create,EC,Mathematics,formal,novice,skill_building,collaborative
P1718,Analyze,AA,Biology,natural,misinformed,skill_building,guided
P1719,Apply,AA,Sociology,applied,novice,conceptual_orientation,autonomous
P1721,Create,EC,Art History,humanistic,informed,competency_development,guided
P1724,Evaluate,EC,Psychology,natural,misinformed,comprehensive_mastery,autonomous
P1725,Analyze,AA,Literature,humanistic,informed,competency_development,guided
P1726,Create,EC,Physics,formal,misinformed,competency_development,autonomous
P1731,Create,EC,Ethics,humanistic,informed,competency_development,collaborative
P1732,Remember,RU,Biology,natural,misinformed,competency_development,collaborative
P1734,Analyze,AA,Physics,formal,novice,conceptual_orientation,guided
P1735,Create,EC,Literature,humanistic,misinformed,skill_building,collaborative
P1737,Understand,RU,Psychology,natural,informed,skill_building,autonomous
P1738,Analyze,AA,Computer Science,formal,informed,comprehensive_mastery,collaborative
P1740,Apply,AA,Biology,natural,novice,skill_building,guided
P1741,Create,EC,Ethics,humanistic,novice,comprehensive_mastery,guided
P1742,Remember,RU,Sociology,applied,informed,skill_building,collaborative
P1743,Remember,RU,Ethics,humanistic,informed,conceptual_orientation,guided
P1744,Understand,RU,Sociology,applied,informed,comprehensive_mastery,guided
P1748,Understand,RU,Ethics,humanistic,misinformed,comprehensive_mastery,guided
P1750,Create,EC,Ethics,humanistic,informed,skill_building,guided
P1756,Create,EC,Sociology,applied,misinformed,conceptual_orientation,collaborative
P1757,Analyze,AA,Mathematics,formal,misinformed,comprehensive_mastery,autonomous
P1758,Analyze,AA,Mathematics,formal,informed,skill_building,collaborative
P1760,Apply,AA,Psychology,natural,novice,conceptual_orientation,guided
P1762,Create,EC,Literature,humanistic,novice,skill_building,guided
P1764,Evaluate,EC,Literature,humanistic,informed,comprehensive_mastery,guided
P1766,Remember,RU,Ethics,humanistic,novice,skill_building,guided
P1770,Evaluate,EC,Computer Science,formal,misinformed,skill_building,collaborative
P1771,Create,EC,History,humanistic,informed,comprehensive_mastery,guided
P1773,Analyze,AA,Literature,humanistic,novice,competency_development,guided
P1775,Apply,AA,Art History,humanistic,misinformed,competency_development,guided
P1779,Create,EC,Computer Science,formal,misinformed,skill_building,autonomous
P1781,Analyze,AA,History,humanistic,informed,skill_building,collaborative
P1782,Analyze,AA,Mathematics,formal,misinformed,conceptual_orientation,collaborative
P1785,Create,EC,Ethics,humanistic,novice,conceptual_orientation,collaborative
P1793,Evaluate,EC,Sociology,applied,informed,competency_development,collaborative
P1796,Analyze,AA,Sociology,applied,novice,competency_development,collaborative
P1802,Remember,RU,Biology,natural,misinformed,competency_development,guided
P1805,Analyze,AA,Ethics,humanistic,novice,comprehensive_mastery,guided
P1810,Create,EC,Literature,humanistic,novice,comprehensive_mastery,guided
P1812,Create,EC,History,humanistic,novice,competency_development,guided
P1813,Analyze,AA,History,humanistic,novice,competency_development,guided
P1819,Create,EC,Ethics,humanistic,misinformed,conceptual_orientation,guided
P1825,Apply,AA,Physics,formal,novice,comprehensive_mastery,guided
P1828,Evaluate,EC,Physics,formal,misinformed,skill_building,collaborative
P1831,Evaluate,EC,Sociology,applied,informed,skill_building,guided
P1832,Analyze,AA,Mathematics,formal,informed,conceptual_orientation,guided
P1833,Evaluate,EC,Computer Science,formal,novice,comprehensive_mastery,guided
P1834,Evaluate,EC,Physics,formal,novice,conceptual_orientation,collaborative
P1835,Create,EC,Literature,humanistic,misinformed,comprehensive_mastery,collaborative
P1836,Evaluate,EC,Art History,humanistic,misinformed,comprehensive_mastery,collaborative
P1838,Apply,AA,Mathematics,formal,informed,conceptual_orientation,guided
P1840,Apply,AA,Art History,humanistic,misinformed,skill_building,autonomous
P1843,Evaluate,EC,Art History,humanistic,novice,skill_building,autonomous
P1844,Analyze,AA,Sociology,applied,informed,competency_development,collaborative
P1849,Analyze,AA,History,humanistic,informed,conceptual_orientation,guided
P1850,Evaluate,EC,Biology,natural,misinformed,conceptual_orientation,collaborative
P1851,Understand,RU,Biology,natural,informed,competency_development,collaborative
P1852,Create,EC,Sociology,applied,informed,skill_building,autonomous
P1853,Evaluate,EC,History,humanistic,novice,comprehensive_mastery,collaborative
P1855,Remember,RU,History,humanistic,misinformed,conceptual_orientation,collaborative
P1857,Remember,RU,Biology,natural,informed,comprehensive_mastery,collaborative
P1858,Apply,AA,Ethics,humanistic,informed,competency_development,guided
P1859,Analyze,AA,Ethics,humanistic,novice,conceptual_orientation,collaborative
P1861,Evaluate,EC,Mathematics,formal,misinformed,skill_building,autonomous
P1863,Evaluate,EC,Sociology,applied,novice,competency_development,guided
P1867,Evaluate,EC,Sociology,applied,novice,comprehensive_mastery,guided
P1872,Evaluate,EC,Computer Science,formal,misinformed,comprehensive_mastery,collaborative
P1873,Evaluate,EC,Mathematics,formal,novice,skill_building,autonomous
P1874,Apply,AA,History,humanistic,informed,competency_development,guided
P1877,Understand,RU,Computer Science,formal,informed,skill_building,guided
P1879,Understand,RU,Biology,natural,misinformed,skill_building,autonomous
P1880,Evaluate,EC,History,humanistic,informed,comprehensive_mastery,guided
P1882,Apply,AA,Physics,formal,misinformed,comprehensive_mastery,autonomous
P1884,Apply,AA,Physics,formal,novice,conceptual_orientation,guided
P1885,Analyze,AA,Art History,humanistic,novice,conceptual_orientation,guided
P1889,Evaluate,EC,Sociology,applied,informed,comprehensive_mastery,guided
P1890,Analyze,AA,Psychology,natural,novice,skill_building,autonomous
P1891,Understand,RU,Mathematics,formal,informed,conceptual_orientation,collaborative
P1892,Analyze,AA,Art History,humanistic,misinformed,competency_development,guided
P1895,Evaluate,EC,Literature,humanistic,informed,competency_development,guided
P1896,Create,EC,Biology,natural,misinformed,conceptual_orientation,guided
P1898,Remember,RU,Biology,natural,novice,comprehensive_mastery,collaborative
P1900,Evaluate,EC,Literature,humanistic,misinformed,skill_building,collaborative
P1904,Understand,RU,Physics,formal,informed,comprehensive_mastery,collaborative
P1905,Understand,RU,Literature,humanistic,misinformed,conceptual_orientation,guided
P1907,Create,EC,History,humanistic,informed,conceptual_orientation,guided
P1908,Evaluate,EC,Physics,formal,informed,competency_development,collaborative
P1909,Remember,RU,Art History,humanistic,informed,comprehensive_mastery,autonomous
P1913,Evaluate,EC,Literature,humanistic,novice,comprehensive_mastery,collaborative
P1914,Apply,AA,Psychology,natural,novice,comprehensive_mastery,autonomous
P1917,Evaluate,EC,Mathematics,formal,misinformed,competency_development,autonomous
P1918,Understand,RU,Biology,natural,informed,competency_development,guided
P1919,Create,EC,Mathematics,formal,misinformed,comprehensive_mastery,collaborative
P1922,Evaluate,EC,Biology,natural,informed,conceptual_orientation,guided
P1924,Remember,RU,Literature,humanistic,misinformed,conceptual_orientation,autonomous
P1925,Remember,RU,Literature,humanistic,misinformed,competency_development,collaborative
P1927,Apply,AA,Literature,humanistic,novice,comprehensive_mastery,guided
P1929,Analyze,AA,Sociology,applied,misinformed,comprehensive_mastery,collaborative
P1931,Understand,RU,Mathematics,formal,novice,skill_building,collaborative
P1933,Evaluate,EC,Biology,natural,misinformed,comprehensive_mastery,guided
P1934,Remember,RU,History,humanistic,novice,comprehensive_mastery,collaborative
P1937,Evaluate,EC,Computer Science,formal,misinformed,skill_building,autonomous
P1939,Create,EC,Ethics,humanistic,informed,comprehensive_mastery,guided
P1940,Analyze,AA,Sociology,applied,informed,competency_development,guided
P1941,Evaluate,EC,Art History,humanistic,informed,comprehensive_mastery,guided
P1942,Remember,RU,Literature,humanistic,novice,conceptual_orientation,guided
P1943,Apply,AA,Literature,humanistic,misinformed,comprehensive_mastery,autonomous
P1944,Analyze,AA,Sociology,applied,novice,skill_building,guided
P1945,Remember,RU,Computer Science,formal,novice,comprehensive_mastery,collaborative
P1947,Analyze,AA,Ethics,humanistic,novice,competency_development,collaborative
P1949,Evaluate,EC,Computer Science,formal,informed,competency_development,collaborative
P1952,Apply,AA,Literature,humanistic,informed,competency_development,collaborative
P1954,Remember,RU,History,humanistic,informed,conceptual_orientation,autonomous
P1955,Understand,RU,Art History,humanistic,novice,conceptual_orientation,collaborative
P1957,Remember,RU,History,humanistic,misinformed,conceptual_orientation,autonomous
P1958,Analyze,AA,Sociology,applied,novice,conceptual_orientation,autonomous
P1959,Understand,RU,Computer Science,formal,informed,comprehensive_mastery,guided
P1960,Apply,AA,Biology,natural,novice,comprehensive_mastery,collaborative
P1962,Apply,AA,Literature,humanistic,novice,skill_building,collaborative
P1969,Apply,AA,Ethics,humanistic,novice,comprehensive_mastery,collaborative
P1970,Understand,RU,Art History,humanistic,informed,competency_development,guided
P1972,Remember,RU,Ethics,humanistic,novice,comprehensive_mastery,guided
P1973,Analyze,AA,Mathematics,formal,misinformed,skill_building,autonomous
P1975,Remember,RU,Ethics,humanistic,misinformed,skill_building,guided
P1977,Apply,AA,Physics,formal,informed,comprehensive_mastery,guided
P1979,Analyze,AA,Art History,humanistic,misinformed,conceptual_orientation,guided
P1980,Understand,RU,Ethics,humanistic,informed,skill_building,collaborative
P1982,Analyze,AA,Physics,formal,novice,comprehensive_mastery,collaborative
P1983,Apply,AA,Biology,natural,informed,conceptual_orientation,autonomous
P1984,Evaluate,EC,Literature,humanistic,informed,skill_building,guided
P1985,Understand,RU,Biology,natural,misinformed,skill_building,collaborative
P1986,Remember,RU,Psychology,natural,informed,skill_building,autonomous
P1988,Evaluate,EC,Physics,formal,novice,comprehensive_mastery,collaborative
P1989,Apply,AA,Biology,natural,informed,skill_building,guided
P1991,Remember,RU,History,humanistic,informed,conceptual_orientation,collaborative
P1992,Apply,AA,Sociology,applied,misinformed,competency_development,guided
P1993,Remember,RU,Literature,humanistic,novice,skill_building,collaborative
P1994,Apply,AA,Biology,natural,misinformed,comprehensive_mastery,guided
P1996,Evaluate,EC,Physics,formal,misinformed,competency_development,guided
P1999,Evaluate,EC,Psychology,natural,informed,competency_development,collaborative
P2000,Evaluate,EC,Ethics,humanistic,informed,conceptual_orientation,collaborative
